model,rmse,mae,r_squared
One-step ODE transition,10.36359119169859,8.157899519194059,0.6243100892535206
Recursive ODE trajectory,14.438990597775634,11.246005173222688,0.27073956378711894
Recursive persistence,29.33704925561053,23.570111445500874,-2.010522280481456
