rel_session,u_t_mean,u_t_median,y_t_mean,y_t_median
-3,733.1628645100024,724.1115063514012,67.17969462994084,65.94219876383062
-2,750.3251818754261,724.3154627140443,69.3497628430891,67.92598920390873
-1,759.5550780380463,744.1800422130632,70.38326418816362,69.06690658716657
0,799.6865515182225,788.9115843081725,76.48973908796296,75.99352013210087
1,687.8153719935758,661.5368026063142,60.28432382421471,57.62298131524489
2,670.076927704759,648.1701592141299,59.771399164553095,58.18201464996021
3,663.3906087605355,641.5288186848236,58.83617624076687,56.9629577900595
