covariance_type,best_bic_components,bic,aic
diag,5,3205.286914866878,2949.0990102579167
full,5,2067.959508033946,1384.7917624100496
spherical,5,3230.3007581033908,3080.8578137481636
tied,5,2311.7918107496425,2067.8033301696796
