cluster_label,athletes,mean_alpha_hat,mean_k_hat,mean_half_life,mean_r_squared,mean_injury_rate,mean_recovery_score,mean_sleep_quality,mean_workload,mean_assignment_prob
Faster recovery (illustrative),115,0.01016603993869937,0.3707613368623452,1.9016403454556625,0.577254812021195,0.14796777157751267,55.36922207918132,5.832009381601732,665.9426991833368,0.9961956412600494
Slower recovery (illustrative),41,0.005579734056762343,0.2512164712012321,2.826634502190101,0.6633745391097533,0.15601676295056086,54.72701869740736,5.769464208191217,683.2799747297662,0.9977644316201368
