injury_label,mean_residual,residual_sd,mean_abs_residual,sessions
Healthy,0.14265174982555934,10.101991101999849,7.9474680970608755,9762
Low Risk,0.03707810892002968,10.180800104111633,8.022926782933492,3212
Injured,-0.6601140906769182,11.624041391517704,9.24425933217793,2290
