feature_set,best_bic_components,bic,aic,mean_max_prob,mean_entropy,silhouette
ODE parameters + burden,5,2067.959508033946,1384.7917624100496,0.9941593721318722,0.018725992500480734,0.08345329623384067
ODE parameters only,1,943.8177467794737,916.3690427142279,1.0,-0.0,
Onset recovery summaries,1,4182.560250699505,3947.7213381412903,1.0,-0.0,
