rel_session,mean_residual,median_residual,count
-3,3.324236522146856,2.93871992607324,1880
-2,3.4721069231925292,3.27128167534093,1893
-1,5.190491561097542,4.801973218810431,1915
0,-0.29748911458209665,-1.0315011749333038,1939
1,-0.7630814966502049,-1.4293200735797313,1916
2,-4.079850741710581,-4.330089104813368,1892
3,0.28361235634264265,-0.48533913519327143,1871
