covariance_type,best_bic_components,bic,aic
diag,4,2112.6444790713977,1981.5006707596674
full,4,1664.2974844392725,1411.159435837561
spherical,6,2069.5001191476463,1944.4560228504151
tied,3,1689.6864943928956,1592.0911021609104
