cluster_label,alpha_hat,half_life,transition_R2,injury_rate,recovery_score,sleep_quality,mean_workload,post3_recovery,fatigue_drop_5,workload_deload_3
Fast recovery / lower burden,0.2815250571561855,-0.7385492381293634,-0.6410530804609215,-0.8300006543352824,0.7568520948251353,0.6055628720363269,-0.5124169633410968,0.7535204646220747,-0.16143943309034647,0.1208463554372069
Intermediate recovery / higher burden,0.12639326805392287,-0.08959504551638484,0.10080978377190074,0.4417705143892822,-0.4208209913996689,-0.33497532649525397,0.1900891756517667,-0.32411839020260225,0.08881531482090152,-0.12074949682346864
Slow recovery / high persistence,-0.7202532361531035,1.3762049335455555,0.8157311636483554,0.3959423840157659,-0.3228997462956116,-0.26201695040176504,0.41975323519558666,-0.5226756760844772,0.07088539140379496,0.06204872543851092
