cluster_label,athletes,mean_alpha_hat,mean_half_life,mean_r_squared,mean_injury_rate,mean_recovery_score,mean_sleep_quality,mean_workload,mean_rec_post3,mean_drop_y_5,mean_u_drop_3,mean_assignment_prob
Fast recovery / lower burden,53,0.010166837728258138,1.754094097601744,0.5447614942543214,0.11979936807696942,57.5557717540197,5.980042424274909,650.3635592105901,58.9423459016177,15.358556014168938,154.52620774061901,0.9081716018146516
Intermediate recovery / higher burden,70,0.009502187179453676,2.097356719258325,0.6085579784763546,0.16620188461994886,53.89083727276292,5.724591750711279,677.9689588950115,54.39060132562683,18.150252072501967,121.86700508910467,0.9286107013246515
Slow recovery / high persistence,33,0.005874793549037721,2.872687781703641,0.6700376302155588,0.16452977517912581,54.195569504336525,5.744407284353919,686.9937457330925,53.55193255919364,17.950236300783217,146.57787710667984,0.8876596878212483
