injury_label,mean_workload,mean_fatigue_proxy,mean_recovery_score,sessions
Healthy,649.8150207185315,56.92034370481889,58.19200325121728,9868
Low Risk,641.3158133044848,56.178575008133336,58.27927900591236,3238
Injured,799.7766652962326,76.470114650317,38.14660034174521,2314
