group_type,group,n_obs,alpha_hat,rho_hat,k_hat,r_squared
sport_type,Basketball,4018,0.01013150789876026,0.6755110420358248,0.3244889579641752,0.6454570264176458
sport_type,Soccer,4788,0.007027395251038588,0.6973175426382541,0.3026824573617459,0.6079245525049213
sport_type,Track,4105,0.00940041597874078,0.6893294587188514,0.31067054128114857,0.6392451006428772
sport_type,Other,2353,0.009070296569697153,0.6643839631667946,0.3356160368332054,0.5929438556300359
gender,Female,5574,0.008422743443484634,0.684053372741546,0.315946627258454,0.6159891517328748
gender,Male,9690,0.009023486275093766,0.6854176185733031,0.3145823814266969,0.6289371899630707
