model,rmse,mae,r_squared,rmse_gain_vs_persistence,r2_gain_vs_persistence
Intercept only,16.91436520021566,13.221180284664452,-0.0007380025390919531,-6.254756725537167,-0.6032797740112198
Workload only,14.428923113113141,11.268753665000718,0.27175615268109465,-3.7693146384346488,-0.3307856187910332
Persistence only,10.659608474678492,8.377624550831491,0.6025417714721278,0.0,0.0
ODE transition,10.365758908945045,8.159437291249,0.6241529092460649,0.29384956573344745,0.021611137773937084
Contextual benchmark,10.034464382468355,7.91937101598623,0.6477934914269314,0.625144092210137,0.04525171995480359
