cluster_label,sessions,alpha_hat_cluster,rho_hat_cluster,k_hat_cluster,adj_r_squared_cluster,rmse_cluster_specific_fit,rmse_pooled_fit_same_rows,mean_pooled_residual,mae_pooled_residual,mean_recovery_score,mean_sleep_quality,injured_session_rate
Fast recovery / lower burden,5195,0.010213895758608977,0.6148639010732452,0.3851360989267548,0.5631848631188017,9.68520231116389,9.747841280221287,-0.6346582295542791,7.788712393070529,57.59525961993202,5.9801056383488485,0.11992300288739172
Intermediate recovery / higher burden,6844,0.009376569005898752,0.6788939907543241,0.3211060092456759,0.6248829999186296,10.74055945067814,10.746761512175654,0.32473563044402265,8.433629080557386,53.89923760190447,5.724689412808944,0.16642314436002337
Slow recovery / high persistence,3225,0.005800195058397655,0.7594999040332471,0.24050009596675292,0.6764966162345669,10.422815872046739,10.496964175271094,0.3331965419453307,8.167460450121537,54.206185772520364,5.7455946151328305,0.16372093023255813
