specification,response,alpha_hat,alpha_se,alpha_pvalue,rho_hat,rho_se,rho_pvalue,implied_k,r_squared,adj_r_squared,n_obs
Raw observed transition,y_(t+1),-0.007068448063360204,0.0010434007275313428,1.2489530934602186e-11,0.26593844118978893,0.013770802425582936,4.277388497753786e-83,0.7340615588102111,0.03993241509293666,0.039806595345225904,15264
Past-smoothed transition,y~_(t+1),0.008800009069010819,0.0003497093812658628,9.987090981406557e-140,0.6850361764982249,0.005156262520365826,0.0,0.3149638235017751,0.6243100892535203,0.6242608539595361,15264
"Past-smoothed transition, within-athlete",y~_(t+1) demeaned,0.008853552305114965,0.0003498239815678835,2.5692179493906303e-141,0.6747504467019168,0.005487549171781473,0.0,0.32524955329808325,0.6101255899086382,0.6100744990411122,15264
