prediction_decile,mean_predicted,mean_observed,sessions
D1,39.904823249956465,41.27062348709909,1527
D2,46.43350852024022,46.62751324320709,1526
D3,50.21035771478863,49.74528151855242,1526
D4,53.44985421018849,52.73861818727284,1527
D5,56.625279297359754,56.13558748686316,1526
D6,59.83317361594315,59.57396904566224,1526
D7,63.30939689763653,62.90360767912912,1527
D8,67.51747786002161,67.30118318427039,1526
D9,73.30922779937316,73.72211453676482,1526
D10,86.47149553338969,87.04555711868537,1527
