n_components,mean_ari,median_ari,min_ari
2,1.0,1.0,1.0
5,0.5296951879587154,0.49191856465678685,0.3272204621697219
