variable,chi_square_pvalue,cramers_v
sport_type,0.32256024778028786,0.1495882496954973
gender,0.6645052064245043,0.07238718594622992
